DBN,School Name,Percentage of students who feel safe in school_85_avg,Enrollment,Percent English Language Learners,Economic Need Index,Percent in Temp Housing - 4yr,Percent Asian,Percent Black,Percent Hispanic,Percent White,Student Attendance Rate,Percent Students with Disabilities
01M292,Henry Street School for International Studies,73%,255,12.7%,83.2%,19.0%,13.2%,24.4%,56.6%,3.9%,76.6%,29.8%
01M448,University Neighborhood High School,91%,304,19.4%,81.2%,26.3%,29.9%,25.0%,41.1%,3.3%,88.0%,22.0%
01M450,East Side Community School,94%,666,1.8%,61.0%,5.7%,9.4%,22.1%,57.9%,8.3%,93.8%,23.4%
01M509,Marta Valle High School,84%,363,9.1%,76.7%,14.9%,5.8%,39.9%,51.2%,2.5%,76.8%,28.4%
01M539,"New Explorations into Science, Technology and Math",93%,1735,0.2%,25.7%,2.9%,38.5%,13.3%,18.0%,28.6%,95.2%,4.3%
01M696,Bard High School Early College,99%,545,0.0%,31.4%,2.0%,17.1%,17.2%,18.7%,45.3%,95.8%,1.1%
02M047,47 The American Sign Language and English Secondar,92%,169,4.7%,73.3%,10.7%,1.2%,28.4%,64.5%,5.3%,88.1%,25.4%
02M135,The Urban Assembly School for Emergency Management,93%,193,7.3%,71.3%,12.4%,5.7%,28.5%,62.2%,2.6%,88.3%,19.7%
02M139,Stephen T. Mather Building Arts & Craftsmanship Hi,85%,193,7.8%,71.4%,10.4%,3.6%,24.9%,61.1%,8.8%,88.1%,29.5%
02M280,Manhattan Early College School for Advertising,89%,97,1.0%,55.8%,6.2%,7.2%,32.0%,43.3%,15.5%,93.7%,22.7%
02M282,Urban Assembly Maker Academy,90%,103,3.9%,61.6%,6.8%,10.7%,24.3%,45.6%,9.7%,90.8%,5.8%
02M288,Food and Finance High School,86%,427,3.0%,68.7%,8.7%,4.7%,39.6%,52.2%,3.0%,88.5%,15.7%
02M294,Essex Street Academy,93%,358,4.2%,63.3%,5.6%,5.9%,38.5%,41.3%,11.7%,86.3%,26.0%
02M296,High School of Hospitality Management,90%,424,7.8%,75.1%,9.0%,5.0%,21.0%,71.2%,1.7%,84.8%,17.5%
02M298,Pace High School,97%,423,1.2%,66.5%,5.7%,13.7%,28.1%,45.4%,1.9%,92.7%,11.6%
02M300,"Urban Assembly School of Design and Construction,",84%,414,6.3%,72.6%,11.4%,6.0%,29.5%,59.2%,3.4%,83.0%,20.8%
02M303,"Facing History School, The",93%,406,19.5%,81.1%,13.1%,1.7%,27.3%,67.5%,2.2%,83.0%,25.1%
02M305,"Urban Assembly Academy of Government and Law, The",86%,329,3.3%,74.9%,14.6%,5.8%,41.9%,49.2%,2.7%,85.9%,18.8%
02M308,Lower Manhattan Arts Academy,87%,383,4.2%,69.5%,9.7%,8.6%,28.2%,56.9%,3.1%,89.7%,30.0%
02M316,"Urban Assembly School of Business for Young Women,",85%,405,4.4%,73.6%,10.1%,3.5%,52.8%,39.3%,2.2%,79.9%,18.5%
02M374,Gramercy Arts High School,83%,530,2.1%,66.2%,8.3%,3.6%,42.5%,44.2%,5.8%,86.5%,17.5%
02M376,NYC iSchool,95%,442,0.2%,42.2%,3.6%,8.6%,19.9%,39.8%,28.7%,94.0%,12.9%
02M392,MANHATTAN BUSINESS ACADEMY,81%,438,5.5%,71.5%,7.5%,3.4%,28.1%,62.1%,3.9%,85.6%,18.3%
02M393,BUSINESS OF SPORTS SCHOOL,88%,449,7.3%,71.4%,11.4%,2.2%,35.4%,59.5%,1.6%,84.7%,22.3%
02M399,THE HIGH SCHOOL FOR LANGUAGE AND DIPLOMACY,75%,437,12.1%,70.3%,13.0%,31.1%,20.4%,40.3%,5.7%,86.9%,17.4%
02M400,High School for Environmental Studies,88%,1301,7.1%,69.0%,5.8%,15.1%,14.7%,62.9%,6.6%,89.1%,16.6%
02M407,Institute for Collaborative Education,91%,482,0.0%,25.8%,3.6%,5.8%,14.1%,14.9%,56.5%,91.7%,6.2%
02M408,Professional Performing Arts High School,89%,536,0.2%,33.0%,7.9%,2.5%,26.2%,22.3%,42.9%,94.4%,12.6%
02M411,Baruch College Campus High School,94%,451,0.2%,45.9%,4.0%,54.8%,6.2%,14.9%,22.8%,97.5%,10.0%
02M412,N.Y.C. Lab School for Collaborative Studies,96%,587,0.2%,32.5%,3.7%,27.6%,6.0%,15.5%,46.0%,94.2%,15.0%
02M413,School of the Future High School,94%,713,0.5%,35.8%,6.2%,14.4%,11.7%,30.4%,35.9%,94.1%,14.8%
02M414,N.Y.C. Museum School,95%,471,0.6%,59.3%,3.2%,34.2%,12.7%,39.7%,12.1%,94.8%,7.6%
02M416,Eleanor Roosevelt High School,98%,541,0.0%,20.4%,1.1%,20.1%,4.4%,10.9%,61.4%,96.5%,5.9%
02M418,Millennium High School,96%,659,0.5%,40.2%,3.6%,38.4%,7.6%,18.2%,32.8%,96.4%,9.4%
02M419,Landmark High School,87%,355,10.4%,80.4%,9.9%,3.7%,24.2%,68.5%,1.7%,81.9%,24.5%
02M420,High School for Health Professions and Human Servi,92%,1664,4.3%,67.0%,5.6%,22.4%,18.9%,50.9%,7.3%,91.6%,12.4%
02M422,Quest to Learn,76%,564,3.0%,40.6%,12.8%,8.7%,21.9%,41.5%,24.2%,89.0%,36.2%
02M425,Leadership and Public Service High School,82%,699,6.7%,75.1%,8.9%,3.9%,27.9%,61.9%,4.4%,79.2%,20.3%
02M427,MANHATTAN ACADEMY FOR ARTS & LANGUAGE,77%,334,78.4%,75.0%,26.3%,2.4%,4.8%,91.3%,1.5%,85.1%,3.3%
02M429,Legacy School for Integrated Studies,76%,19,0.0%,72.9%,0.0%,0.0%,36.8%,63.2%,0.0%,82.8%,47.4%
02M437,Hudson High School of Learning Technologies,84%,483,8.7%,75.4%,14.3%,6.4%,29.2%,59.4%,3.3%,82.6%,22.2%
02M438,International High School at Union Square,81%,353,86.4%,74.2%,38.5%,30.6%,14.2%,45.3%,9.9%,83.5%,4.8%
02M439,Manhattan Village Academy,95%,415,2.7%,59.6%,3.6%,7.2%,9.6%,67.2%,7.2%,98.3%,11.3%
02M449,Vanguard High School,94%,486,7.8%,68.5%,6.8%,7.6%,27.4%,57.0%,4.7%,87.2%,21.8%
02M459,Manhattan International High School,92%,343,76.7%,68.1%,18.4%,29.4%,16.6%,41.1%,12.2%,90.3%,4.1%
02M460,Washington Irving High School,97%,99,17.2%,71.3%,6.1%,3.0%,33.3%,56.6%,7.1%,72.7%,34.3%
02M475,Stuyvesant High School,96%,3296,0.1%,31.6%,1.9%,73.4%,0.8%,2.6%,20.4%,96.5%,0.5%
02M489,High School of Economics and Finance,85%,796,6.0%,66.8%,7.2%,21.7%,22.9%,47.1%,7.2%,88.7%,14.3%
02M500,Unity Center for Urban Technologies,92%,284,6.7%,77.1%,7.7%,6.0%,27.5%,58.8%,4.9%,86.4%,23.9%
02M507,Urban Assembly Gateway School for Technology,91%,472,2.1%,63.6%,8.5%,7.8%,30.3%,53.8%,5.7%,89.6%,19.1%
02M519,Talent Unlimited High School,94%,506,0.2%,45.9%,4.2%,4.9%,33.4%,39.9%,20.4%,93.4%,8.7%
02M520,Murry Bergtraum High School for Business Careers,74%,971,10.7%,71.1%,12.2%,8.9%,46.1%,40.7%,3.0%,72.9%,20.3%
02M529,Jacqueline Kennedy Onassis High School,86%,676,5.9%,77.1%,9.3%,4.0%,21.3%,70.1%,3.6%,80.2%,18.6%
02M531,Repertory Company High School for Theatre Arts,98%,246,3.7%,62.4%,8.1%,1.6%,37.4%,50.4%,8.5%,92.8%,12.6%
02M533,Union Square Academy for Health Sciences,84%,319,10.3%,71.9%,8.5%,16.0%,20.1%,56.7%,4.7%,90.7%,14.4%
02M534,Harvest Collegiate High School,86%,333,2.1%,51.1%,8.1%,6.9%,22.2%,52.3%,16.8%,90.9%,24.3%
02M542,Manhattan Bridges High School,97%,529,53.1%,82.0%,20.6%,0.0%,0.0%,100.0%,0.0%,92.0%,2.3%
02M543,New Design High School,94%,441,5.4%,74.5%,14.5%,5.9%,30.8%,56.9%,3.9%,84.8%,26.5%
02M545,High School for Dual Language and Asian Studies,95%,416,23.6%,72.3%,18.5%,88.9%,3.1%,5.5%,1.7%,98.2%,1.9%
02M546,Academy for Software Engineering,88%,344,2.3%,61.5%,6.7%,11.0%,28.8%,45.9%,9.0%,92.5%,23.8%
02M551,Urban Assembly New York Harbor School,89%,447,2.7%,55.6%,5.8%,2.9%,23.7%,51.7%,18.8%,90.3%,21.9%
02M580,Richard R. Green High School of Teaching,84%,566,5.1%,76.4%,11.7%,6.2%,31.1%,58.8%,2.7%,85.3%,24.2%
02M600,The High School of Fashion Industries,90%,1770,2.2%,65.7%,7.3%,5.0%,36.3%,53.8%,3.8%,93.7%,13.9%
02M615,Chelsea Career and Technical Education High School,92%,439,2.7%,73.4%,7.7%,8.2%,28.9%,57.4%,3.2%,88.4%,19.1%
02M625,High School of Graphic Communication Arts,71%,336,5.1%,72.7%,8.3%,1.8%,33.9%,60.1%,2.1%,66.4%,24.4%
02M630,Art and Design High School,91%,1476,1.2%,55.4%,6.2%,8.5%,24.1%,54.7%,10.8%,91.1%,16.7%
02M655,Life Sciences Secondary School,58%,697,7.0%,76.5%,10.6%,4.3%,28.3%,62.2%,3.2%,82.5%,18.0%
03M283,Manhattan Theatre Lab High School,91%,53,15.1%,78.7%,13.2%,1.9%,37.7%,56.6%,3.8%,82.5%,34.0%
03M299,"High School for Arts, Imagination and Inquiry",83%,447,12.8%,75.4%,14.1%,0.4%,38.5%,58.8%,0.9%,83.0%,22.6%
03M307,"Urban Assembly School for Media Studies, The",86%,412,9.5%,72.3%,8.3%,1.9%,36.4%,57.8%,1.7%,84.1%,20.6%
03M402,The Urban Assembly School for Green Careers,78%,353,16.1%,79.3%,12.2%,1.1%,23.2%,72.0%,2.8%,84.2%,26.3%
03M403,The Global Learning Collaborative,83%,496,13.3%,76.6%,13.3%,2.4%,25.0%,66.3%,5.4%,87.2%,23.8%
03M415,Wadleigh Secondary School for the Performing & Vis,84%,445,4.8%,79.1%,15.1%,1.8%,52.0%,44.2%,1.0%,78.2%,22.1%
03M417,FRANK McCOURT HIGH SCHOOL,86%,387,1.3%,44.4%,3.1%,8.8%,15.8%,40.1%,31.8%,93.8%,17.6%
03M479,Beacon High School,98%,1285,0.1%,27.8%,1.2%,8.9%,13.7%,23.8%,51.8%,96.4%,5.8%
03M485,Fiorello H. LaGuardia High School of Music & Art a,94%,2635,0.0%,25.3%,0.9%,19.4%,11.3%,19.4%,45.3%,95.4%,2.3%
03M492,"High School for Law, Advocacy and Community Justic",74%,510,5.9%,75.4%,12.2%,2.4%,42.0%,52.7%,2.2%,84.5%,16.3%
03M494,High School of Arts and Technology,76%,594,10.6%,77.5%,15.5%,3.9%,32.5%,59.3%,2.9%,76.7%,22.1%
03M541,Manhattan / Hunter Science High School,93%,451,0.0%,48.3%,2.7%,25.9%,16.4%,37.9%,13.1%,97.6%,9.3%
03M859,Special Music School,90%,231,1.1%,25.3%,4.3%,18.5%,21.7%,15.2%,29.3%,96.0%,14.1%
03M860,Frederick Douglass Academy II Secondary School,77%,411,8.0%,78.6%,13.0%,2.2%,67.8%,26.3%,1.9%,79.6%,21.7%
04M372,ESPERANZA PREPARATORY ACADEMY,85%,507,41.8%,83.6%,25.3%,1.3%,13.1%,83.1%,2.1%,85.3%,21.9%
04M409,Coalition School for Social Change,89%,283,9.9%,82.2%,12.4%,4.2%,41.0%,50.2%,3.5%,79.5%,34.3%
04M435,Manhattan Center for Science and Mathematics,93%,1603,3.4%,67.8%,6.1%,19.2%,20.9%,54.1%,4.2%,93.4%,6.6%
04M495,Park East High School,97%,413,1.9%,74.9%,7.3%,4.8%,27.6%,63.7%,1.7%,91.8%,14.8%
04M555,Central Park East High School,96%,466,3.0%,74.2%,7.9%,7.3%,24.5%,63.3%,3.9%,94.3%,13.7%
04M610,Young Women's Leadership School,90%,480,0.9%,72.2%,7.4%,8.9%,27.9%,57.4%,3.4%,94.8%,17.5%
04M680,"Heritage School, The",74%,322,5.9%,80.6%,14.0%,1.2%,32.3%,63.7%,1.9%,82.7%,29.2%
05M157,The Urban Assembly School for Global Commerce,86%,164,9.1%,81.7%,16.5%,2.4%,43.9%,49.4%,1.2%,89.1%,27.4%
05M304,Mott Hall High School,81%,428,11.2%,80.5%,9.6%,0.9%,38.3%,59.1%,0.7%,86.8%,23.6%
05M362,Columbia Secondary School,93%,659,0.0%,50.7%,3.2%,13.7%,22.0%,48.1%,14.8%,95.7%,3.2%
05M367,Academy for Social Action: A College Board School,77%,234,18.9%,79.7%,17.1%,0.5%,46.5%,49.3%,2.8%,70.9%,27.6%
05M369,Urban Assembly School for the Performing Arts,87%,358,4.7%,77.5%,12.6%,0.8%,52.2%,43.0%,1.4%,81.0%,20.7%
05M469,Choir Academy of Harlem,88%,77,0.0%,83.2%,20.0%,0.0%,78.0%,20.0%,2.0%,68.2%,20.0%
05M499,Frederick Douglass Academy,74%,1428,1.8%,70.8%,9.5%,1.7%,70.4%,23.2%,1.4%,89.1%,10.3%
05M670,Thurgood Marshall Academy for Learning and Social,80%,561,1.8%,73.2%,6.3%,1.3%,77.6%,19.6%,0.8%,92.4%,17.6%
05M685,Bread & Roses Integrated Arts High School,89%,100,15.0%,81.2%,11.0%,0.0%,52.0%,48.0%,0.0%,75.2%,37.0%
05M692,"High School for Mathematics, Science and Engineeri",97%,470,0.2%,39.7%,3.2%,38.5%,9.6%,21.7%,26.8%,96.4%,3.8%
06M211,Inwood Early College for Health and Information Te,91%,87,8.0%,70.8%,6.9%,4.6%,21.8%,67.8%,3.4%,91.9%,13.8%
06M293,City College Academy of the Arts,92%,587,2.3%,70.8%,5.6%,0.9%,3.8%,94.1%,1.2%,94.3%,13.2%
06M346,Community Health Academy of the Heights,91%,629,21.9%,85.0%,14.5%,0.0%,4.9%,91.8%,2.7%,81.2%,20.8%
06M348,Washington Heights Expeditionary Learning School,94%,705,14.7%,84.0%,13.1%,0.3%,3.8%,94.8%,0.5%,85.5%,23.2%
06M462,The College Academy,86%,491,44.4%,83.8%,16.9%,0.2%,9.0%,89.2%,0.6%,85.2%,21.0%
06M463,High School for Media and Communications,79%,479,33.8%,83.2%,19.0%,1.9%,13.8%,82.5%,1.3%,82.6%,19.8%
06M467,High School for Law and Public Service,76%,671,27.4%,79.9%,14.2%,0.4%,16.8%,80.8%,1.6%,87.6%,20.7%
06M468,High School for Health Careers and Sciences,84%,605,30.7%,83.8%,20.5%,1.3%,15.9%,79.8%,1.5%,85.7%,18.2%
06M540,A. Philip Randolph Campus High School,82%,1354,6.9%,77.2%,10.3%,4.9%,32.0%,59.7%,1.7%,86.1%,14.1%
06M552,Gregorio Luperon High School for Science and Mathe,94%,504,83.3%,82.3%,31.0%,0.0%,0.0%,100.0%,0.0%,91.4%,1.6%
07X221,South Bronx Preparatory: A College Board School,91%,654,2.8%,87.2%,9.6%,1.7%,25.2%,70.3%,1.4%,89.6%,21.2%
07X223,M.S. 223 The Laboratory School of Finance and Tech,94%,502,6.1%,86.6%,4.2%,0.0%,20.6%,78.5%,0.9%,93.6%,20.1%
07X259,"H.E.R.O. High (Health, Education, and Research Occ",75%,231,11.3%,81.7%,12.6%,2.2%,35.5%,58.9%,1.7%,84.3%,17.7%
07X334,International Community High School,84%,463,86.0%,79.0%,24.8%,6.5%,14.0%,76.7%,1.3%,83.4%,3.2%
07X427,Community School for Social Justice,92%,324,9.9%,84.1%,15.1%,1.5%,29.6%,67.3%,1.2%,79.4%,25.0%
07X473,Mott Haven Village Preparatory High School,87%,364,9.6%,82.4%,11.3%,0.3%,25.3%,73.6%,0.5%,79.9%,21.7%
07X495,University Heights Secondary School,93%,486,2.1%,80.5%,7.2%,3.1%,30.0%,64.6%,1.6%,92.7%,8.2%
07X500,Hostos-Lincoln Academy of Science,79%,544,2.9%,79.9%,7.9%,3.8%,22.5%,69.9%,1.5%,91.5%,16.7%
07X520,Foreign Language Academy of Global Studies,78%,145,21.4%,86.0%,15.2%,2.8%,26.9%,67.6%,1.4%,79.4%,31.7%
07X522,Bronx Design and Construction Academy,86%,563,14.2%,82.4%,9.6%,1.4%,24.0%,70.5%,3.4%,81.4%,25.2%
07X527,Bronx Leadership Academy II High School,95%,495,13.9%,83.1%,10.9%,2.2%,32.3%,63.4%,0.8%,85.4%,26.7%
07X547,New Explorers High School,76%,475,10.3%,85.5%,14.5%,0.4%,31.4%,67.6%,0.4%,80.9%,26.1%
07X548,Urban Assembly School for Careers in Sports,90%,587,7.2%,82.0%,11.6%,0.2%,28.6%,69.5%,1.4%,80.1%,23.3%
07X551,The Urban Assembly Bronx Academy of Letters,79%,591,13.6%,88.2%,7.5%,0.9%,30.4%,66.9%,1.5%,82.8%,25.0%
07X600,Alfred E. Smith Career and Technical Education Hig,77%,375,19.2%,79.8%,14.7%,1.1%,29.1%,68.3%,0.8%,83.0%,28.3%
07X655,Samuel Gompers Career and Technical Education High,94%,78,10.3%,83.3%,10.3%,0.0%,32.1%,64.1%,2.6%,70.0%,32.1%
07X670,Health Opportunities High School,83%,554,7.8%,83.4%,11.7%,3.1%,36.1%,57.9%,1.8%,79.0%,19.3%
08X269,Bronx Studio School for Writers and Artists,83%,565,12.0%,85.3%,11.1%,1.2%,20.3%,76.9%,0.6%,86.4%,24.0%
08X282,Women's Academy of Excellence,63%,345,4.6%,76.7%,13.0%,3.5%,50.1%,41.2%,2.6%,78.7%,22.0%
08X293,Renaissance High School for Musical Theater & Tech,84%,444,3.6%,73.0%,7.7%,3.2%,27.9%,61.0%,7.2%,83.1%,24.1%
08X295,Gateway School for Environmental Research and Tech,89%,70,17.1%,70.7%,8.6%,1.4%,31.4%,64.3%,2.9%,81.4%,37.1%
08X305,Pablo Neruda Academy,74%,315,18.4%,80.3%,15.6%,4.4%,26.0%,67.6%,1.3%,84.2%,35.6%
08X312,Millennium Art Academy,85%,487,4.7%,78.5%,9.2%,2.3%,30.0%,65.1%,1.8%,85.5%,29.4%
08X320,Pelham Lab High School,70%,211,14.7%,78.3%,10.4%,7.6%,33.2%,52.6%,5.2%,90.3%,24.6%
08X332,Holcombe L. Rucker School of Community Research,84%,236,11.0%,83.6%,18.6%,0.4%,43.2%,54.7%,0.4%,85.0%,29.7%
08X348,Schuylerville Preparatory High School,85%,177,14.7%,75.0%,11.3%,4.0%,22.0%,66.7%,6.2%,90.0%,22.0%
08X349,Bronx River High School,74%,204,14.7%,75.8%,15.7%,2.9%,29.9%,60.8%,2.5%,87.5%,24.0%
08X367,"Archimedes Academy for Math, Science and Technolog",81%,637,6.3%,72.3%,9.1%,5.5%,30.9%,60.6%,2.2%,87.7%,28.7%
08X376,Antonia Pantoja Preparatory Academy: A College Boa,69%,450,14.3%,75.6%,16.0%,6.3%,26.2%,65.4%,1.3%,80.9%,25.3%
08X405,Herbert H. Lehman High School,69%,1535,10.3%,70.7%,7.8%,9.2%,23.6%,54.9%,10.6%,79.4%,25.3%
08X432,BRONX BRIDGES HIGH SCHOOL,83%,333,82.3%,83.4%,27.0%,7.8%,6.6%,82.9%,1.8%,83.2%,11.7%
08X452,Bronx Guild,82%,326,10.4%,82.1%,13.5%,4.0%,32.2%,61.7%,1.2%,74.2%,30.7%
08X519,Felisa Rincon de Gautier Institute for Law and Pub,70%,307,10.1%,82.1%,20.5%,2.0%,25.4%,67.8%,2.9%,79.3%,27.4%
08X530,Banana Kelly High School,70%,325,11.4%,85.1%,18.5%,0.0%,37.2%,60.6%,1.2%,71.5%,31.7%
08X558,Westchester Square Academy,80%,396,6.8%,70.1%,9.3%,4.5%,26.8%,56.6%,8.8%,86.5%,22.5%
08X559,School for Tourism and Hospitality,85%,240,15.4%,84.7%,15.8%,1.3%,35.4%,60.4%,0.0%,83.1%,17.1%
08X561,Bronx Compass High School,88%,332,8.1%,78.8%,16.3%,2.4%,34.6%,60.2%,0.9%,80.2%,28.3%
08X650,Jane Addams High School for Academic Careers,97%,147,8.8%,84.3%,4.1%,0.0%,32.7%,63.9%,2.7%,70.7%,31.3%
09X227,Bronx Collegiate Academy,79%,382,27.2%,83.3%,16.8%,1.0%,28.5%,69.1%,0.3%,80.1%,23.0%
09X231,Eagle Academy for Young Men,69%,608,2.2%,70.5%,8.1%,0.3%,60.7%,36.0%,0.5%,86.1%,27.9%
09X241,Urban Assembly School for Applied Math and Science,87%,619,5.1%,82.2%,7.4%,1.4%,33.0%,64.1%,1.1%,89.6%,20.2%
09X250,Eximius College Preparatory Academy: A College Boa,81%,449,8.9%,79.6%,12.7%,1.1%,45.2%,52.1%,0.7%,89.3%,20.0%
09X252,Mott Hall Bronx High School,86%,402,10.9%,84.0%,9.0%,1.2%,20.1%,75.6%,1.2%,85.9%,23.4%
09X260,Bronx Center for Science and Mathematics,91%,457,3.3%,75.3%,6.6%,6.3%,25.4%,65.9%,1.5%,92.0%,17.7%
09X263,Validus Preparatory Academy: An Expeditionary Lear,91%,375,11.5%,83.7%,10.1%,1.6%,26.9%,70.7%,0.8%,84.3%,22.4%
09X276,Leadership Institute,77%,207,21.3%,90.2%,16.4%,0.0%,34.3%,63.3%,1.9%,74.9%,30.0%
09X297,Morris Academy for Collaborative Studies,87%,471,18.7%,85.0%,14.9%,0.8%,26.3%,72.0%,0.4%,79.6%,25.3%
09X324,Bronx Early College Academy for Teaching & Learnin,90%,503,6.8%,81.9%,8.2%,3.6%,28.7%,67.4%,0.4%,85.8%,15.1%
09X327,Comprehensive Model School Project M.S. 327,91%,628,5.7%,86.2%,6.3%,0.0%,23.3%,76.0%,0.6%,90.3%,21.5%
09X329,DreamYard Preparatory School,85%,336,21.4%,85.9%,24.4%,1.5%,33.6%,60.7%,1.2%,79.2%,19.6%
09X365,Academy for Language and Technology,95%,322,74.5%,83.1%,22.0%,0.0%,0.3%,99.7%,0.0%,91.7%,4.3%
09X403,Bronx International High School,87%,409,88.3%,82.6%,24.9%,3.4%,20.0%,74.1%,1.7%,84.3%,4.9%
09X404,School for Excellence,82%,421,27.1%,87.5%,23.3%,0.7%,26.6%,70.8%,1.0%,75.3%,27.8%
09X412,Bronx High School of Business,77%,339,29.8%,82.5%,18.6%,1.5%,33.3%,63.1%,1.2%,78.9%,26.3%
09X413,Bronx High School for Medical Science,84%,472,1.4%,80.1%,8.2%,7.1%,36.7%,53.4%,0.7%,92.8%,9.5%
09X414,Jonathan Levin High School for Media and Communica,84%,160,40.0%,84.6%,21.3%,1.3%,20.6%,76.9%,1.3%,75.3%,26.9%
09X505,"Bronx School for Law, Government and Justice",80%,778,3.9%,80.3%,7.5%,2.2%,23.1%,72.0%,1.0%,90.2%,19.3%
09X517,Frederick Douglass Academy III Secondary School,86%,427,11.7%,83.6%,20.4%,0.7%,50.4%,45.4%,2.3%,79.8%,21.8%
09X525,Bronx Leadership Academy High School,63%,686,9.8%,82.7%,9.0%,0.4%,35.7%,61.7%,0.6%,81.7%,24.6%
09X543,High School for Violin and Dance,74%,384,11.7%,85.8%,21.9%,0.5%,34.1%,64.6%,0.3%,79.2%,26.0%
09X564,Claremont International HS,75%,257,90.3%,85.6%,41.6%,4.7%,20.6%,72.8%,1.2%,88.9%,2.3%
10X141,Riverdale / Kingsbridge Academy (Middle School / H,80%,1381,5.4%,41.8%,3.7%,7.7%,12.3%,55.7%,23.7%,91.0%,20.7%
10X213,Bronx Engineering and Technology Academy,77%,417,9.8%,75.3%,10.6%,6.7%,34.3%,55.9%,1.4%,83.5%,20.9%
10X225,Theatre Arts Production Company School,84%,632,5.2%,80.6%,7.9%,1.2%,29.2%,66.6%,0.7%,88.9%,18.6%
10X237,"The Marie Curie School for Medicine, Nursing, and",81%,583,9.6%,75.9%,10.5%,2.7%,35.7%,56.9%,3.3%,86.0%,18.9%
10X243,West Bronx Academy for the Future,81%,599,9.5%,85.1%,6.0%,2.7%,21.1%,72.0%,3.0%,87.5%,25.0%
10X264,Bronx Academy for Software Engineering (BASE),85%,226,7.1%,70.9%,15.0%,7.5%,28.8%,60.6%,2.7%,88.8%,28.8%
10X268,Kingsbridge International High School,87%,461,88.5%,82.7%,37.1%,6.5%,5.2%,85.9%,2.0%,86.8%,3.5%
10X284,Bronx School of Law and Finance,81%,426,8.9%,81.9%,12.9%,2.1%,30.3%,64.8%,2.6%,82.0%,24.6%
10X342,International School for Liberal Arts,84%,561,67.2%,85.7%,25.9%,0.0%,0.0%,99.5%,0.5%,93.1%,6.9%
10X351,Bronx Collaborative High School,87%,223,16.1%,85.5%,19.7%,1.3%,29.6%,62.3%,4.9%,71.6%,22.9%
10X353,World View High School,81%,173,34.7%,80.9%,18.5%,1.2%,27.7%,68.8%,1.2%,89.6%,22.5%
10X368,In-Tech Academy (M.S. / High School 368),80%,1022,9.2%,74.9%,8.0%,2.8%,10.8%,82.8%,3.4%,92.7%,17.2%
10X374,Knowledge and Power Preparatory Academy Internatio,89%,487,15.0%,76.6%,11.3%,2.5%,32.2%,61.4%,2.1%,85.1%,22.4%
10X433,High School for Teaching and the Professions,84%,486,21.2%,80.7%,12.1%,1.9%,20.4%,74.5%,2.7%,82.2%,24.7%
10X434,Belmont Preparatory High School,86%,416,6.3%,73.5%,7.5%,2.2%,30.0%,65.6%,1.9%,89.8%,15.4%
10X437,Fordham High School for the Arts,92%,401,4.0%,75.4%,8.2%,1.0%,30.9%,65.1%,2.5%,92.6%,19.5%
10X438,Fordham Leadership Academy for Business and Techno,80%,438,16.7%,85.5%,17.4%,1.8%,27.6%,67.8%,2.7%,83.4%,28.8%
10X439,Bronx High School for Law and Community Service,84%,398,15.1%,86.3%,18.6%,1.3%,24.4%,70.9%,1.8%,83.4%,27.1%
10X440,DeWitt Clinton High School,72%,2109,21.7%,74.9%,14.5%,8.6%,31.6%,54.5%,3.6%,81.2%,18.6%
10X442,"Celia Cruz Bronx High School of Music, The",82%,430,2.6%,74.1%,10.5%,1.4%,25.3%,70.0%,1.2%,89.6%,14.0%
10X445,Bronx High School of Science,93%,3015,0.0%,29.8%,1.0%,62.8%,2.6%,5.5%,22.1%,97.0%,1.3%
10X477,Marble Hill High School for International Studies,82%,449,29.6%,76.0%,13.6%,8.9%,24.5%,61.0%,5.1%,93.9%,9.1%
10X524,Crotona International High School,77%,336,87.2%,83.2%,31.3%,1.8%,10.4%,85.7%,1.8%,87.8%,4.8%
10X546,Bronx Theatre High School,69%,428,10.0%,78.8%,14.7%,0.5%,30.1%,67.1%,1.6%,80.9%,23.8%
10X549,Discovery High School,84%,530,20.9%,78.7%,11.1%,2.5%,17.4%,77.2%,2.3%,85.6%,25.5%
10X565,High School for Energy and Technology,78%,311,7.7%,81.8%,10.6%,1.3%,26.7%,70.1%,1.0%,85.9%,21.2%
10X660,Grace Dodge Career and Technical Education High Sc,87%,178,27.0%,80.1%,6.7%,2.2%,21.3%,75.3%,1.1%,73.2%,39.9%
10X696,High School of American Studies at Lehman College,97%,376,0.0%,22.7%,1.1%,23.1%,4.0%,15.2%,50.8%,96.6%,3.5%
11X249,Bronx Health Sciences High School,90%,374,3.2%,62.5%,7.5%,7.5%,51.9%,34.5%,2.7%,92.5%,9.6%
11X253,Bronx High School for Writing and Communication Ar,82%,389,7.5%,75.1%,13.6%,3.3%,45.0%,49.1%,1.3%,83.4%,23.9%
11X265,Bronx Lab School,70%,471,6.6%,76.8%,12.5%,3.6%,39.9%,54.4%,1.5%,86.4%,19.3%
11X270,Academy for Scholarship and Entrepreneurship: A Co,72%,371,5.4%,66.1%,8.4%,3.2%,63.6%,30.5%,1.1%,84.9%,24.0%
11X275,High School of Computers and Technology,87%,567,7.4%,75.3%,11.1%,4.9%,34.4%,58.0%,1.2%,86.5%,24.2%
11X288,Collegiate Institute for Math and Science,74%,687,2.9%,64.1%,5.7%,11.6%,33.8%,43.5%,9.5%,88.7%,16.3%
11X290,Bronx Academy of Health Careers,70%,465,9.5%,77.1%,14.8%,4.7%,44.7%,47.3%,1.9%,89.3%,22.8%
11X299,Astor Collegiate Academy,70%,476,5.0%,67.2%,6.9%,6.5%,33.4%,47.9%,10.5%,88.0%,23.1%
11X418,Bronx High School for the Visual Arts,84%,483,1.7%,68.6%,11.0%,3.7%,27.3%,61.5%,6.8%,86.2%,26.5%
11X455,Harry S Truman High School,70%,2058,4.8%,67.6%,11.9%,2.4%,51.6%,42.7%,2.2%,89.1%,18.3%
11X508,Bronxdale High School,75%,427,2.6%,69.0%,10.3%,3.0%,28.8%,57.1%,9.4%,84.7%,18.7%
11X509,High School of Language and Innovation,76%,354,73.7%,76.3%,21.2%,16.7%,11.9%,57.6%,11.0%,89.0%,3.1%
11X513,New World High School,86%,408,62.5%,79.7%,19.6%,13.7%,9.3%,66.2%,7.6%,90.6%,5.6%
11X514,The Bronxwood Preparatory Academy,76%,423,6.4%,65.5%,10.6%,3.3%,61.9%,28.8%,3.8%,90.9%,23.9%
11X542,Pelham Preparatory Academy,81%,489,2.0%,58.3%,4.9%,5.5%,35.6%,48.9%,6.5%,92.8%,19.0%
11X544,High School for Contemporary Arts,60%,493,7.7%,78.8%,11.8%,0.8%,38.1%,59.2%,1.0%,78.8%,29.0%
11X545,Bronx Aerospace High School,73%,431,11.6%,75.2%,11.8%,2.3%,29.2%,64.5%,2.1%,80.7%,31.8%
12X242,Mott Hall V,94%,669,5.8%,79.5%,6.6%,4.2%,22.2%,70.6%,1.7%,89.8%,23.0%
12X248,"Metropolitan High School, The",85%,326,21.8%,82.8%,12.0%,0.9%,21.5%,74.8%,0.3%,82.7%,27.6%
12X251,Explorations Academy,86%,358,18.2%,81.4%,15.1%,0.8%,27.1%,69.8%,2.0%,82.4%,23.5%
12X267,Bronx Latin,93%,546,13.5%,83.5%,9.8%,1.7%,21.2%,77.1%,0.0%,90.0%,20.9%
12X271,East Bronx Academy for the Future,86%,618,10.9%,85.3%,16.9%,3.0%,25.4%,71.0%,0.5%,81.3%,30.6%
12X278,Peace and Diversity Academy,89%,170,18.8%,77.4%,25.3%,0.6%,44.1%,52.4%,1.8%,69.3%,28.2%
12X372,Urban Assembly School for Wildlife Conservation,82%,571,6.7%,80.9%,12.8%,2.2%,25.3%,69.4%,2.2%,83.7%,21.7%
12X388,Pan American International High School at Monroe,99%,428,92.3%,71.3%,23.8%,0.0%,0.0%,100.0%,0.0%,88.8%,2.6%
12X478,THE CINEMA SCHOOL,94%,338,3.3%,72.3%,5.6%,3.8%,21.9%,69.8%,4.1%,90.0%,8.3%
12X479,Bronx Career and College Preparatory High School,85%,333,15.3%,85.4%,21.3%,0.9%,40.5%,56.8%,0.6%,79.3%,29.1%
12X511,Bronx Envision Academy,78%,355,13.0%,81.5%,16.9%,2.0%,34.4%,60.3%,2.0%,82.0%,21.1%
12X521,The Metropolitan Soundview High School,85%,416,13.0%,80.7%,13.2%,2.6%,26.2%,67.3%,1.7%,78.8%,22.6%
12X550,High School of World Cultures,74%,410,84.6%,76.6%,30.0%,8.0%,8.3%,80.2%,1.2%,84.8%,0.0%
12X682,Fannie Lou Hamer Freedom High School,88%,470,8.1%,85.3%,13.4%,0.4%,28.5%,70.4%,0.2%,81.7%,29.4%
12X684,Wings Academy,77%,501,3.4%,81.3%,12.4%,0.8%,58.5%,37.9%,1.2%,81.9%,24.2%
12X692,Monroe Academy for Visual Arts & Design,74%,445,24.3%,84.7%,13.9%,1.1%,18.0%,78.4%,0.9%,77.1%,25.6%
13K265,Dr. Susan S. McKinney Secondary School of the Arts,79%,421,3.3%,78.2%,9.1%,0.7%,73.0%,22.8%,0.7%,79.2%,20.5%
13K350,Urban Assembly High School of Music and Art,82%,387,2.6%,75.1%,9.8%,0.5%,77.5%,20.7%,0.5%,81.6%,24.0%
13K412,"Brooklyn Community High School of Communication, A",86%,404,5.0%,76.7%,10.9%,1.2%,78.5%,17.8%,0.7%,84.1%,20.5%
13K419,"Science Skills Center High School for Science, Tec",76%,528,4.2%,66.2%,8.0%,6.8%,70.5%,18.4%,2.1%,89.7%,17.2%
13K430,Brooklyn Technical High School,92%,5447,0.1%,43.8%,1.9%,60.5%,7.7%,7.6%,20.5%,96.8%,1.6%
13K439,Brooklyn International High School,93%,345,79.4%,75.5%,18.0%,41.7%,17.7%,26.7%,13.9%,93.6%,2.3%
13K483,The Urban Assembly School for Law and Justice,90%,448,0.7%,60.6%,5.6%,2.0%,71.4%,21.9%,0.9%,91.6%,14.1%
13K499,ACORN Community High School,78%,504,3.4%,75.1%,16.5%,1.0%,83.5%,12.9%,1.6%,79.2%,27.2%
13K527,Urban Assembly Institute of Math and Science for Y,89%,470,2.5%,69.5%,6.7%,3.5%,73.6%,14.8%,4.9%,90.5%,15.5%
13K595,Bedford Academy High School,91%,364,1.1%,52.9%,2.5%,3.0%,84.6%,7.7%,0.8%,95.9%,11.3%
13K605,George Westinghouse Career and Technical Education,81%,634,2.2%,67.3%,9.3%,2.5%,74.4%,19.7%,2.1%,85.8%,18.3%
13K670,Benjamin Banneker Academy,86%,916,0.1%,55.0%,3.2%,3.4%,86.4%,8.6%,0.5%,89.6%,5.3%
13K674,"City Polytechnic High School of Engineering, Archi",84%,458,2.4%,53.9%,5.0%,6.6%,69.7%,19.7%,3.5%,88.1%,20.5%
14K071,Juan Morel Campos Secondary School,83%,692,23.1%,86.8%,14.1%,0.3%,13.6%,82.7%,2.5%,86.1%,27.9%
14K322,Foundations Academy,84%,113,6.2%,82.6%,26.5%,1.8%,67.3%,29.2%,0.0%,74.2%,32.7%
14K449,"Brooklyn Latin School, The",93%,676,0.1%,45.4%,3.1%,36.1%,19.4%,14.5%,13.5%,94.3%,2.2%
14K454,Green School: An Academy for Environmental Careers,86%,276,25.4%,77.5%,18.5%,0.7%,38.0%,59.1%,1.4%,83.7%,22.1%
14K474,PROGRESS High School for Professional Careers,75%,1098,14.3%,76.6%,8.3%,1.0%,35.1%,62.6%,0.8%,82.7%,18.3%
14K477,School for Legal Studies,76%,598,16.6%,78.7%,19.6%,1.0%,45.8%,50.0%,1.3%,77.9%,18.9%
14K478,"The High School for Enterprise, Business and Techn",92%,1001,7.5%,71.5%,6.9%,4.0%,36.1%,56.9%,2.5%,89.4%,16.1%
14K488,Brooklyn Preparatory High School,,494,3.6%,64.6%,5.7%,2.4%,54.7%,40.3%,2.0%,89.9%,17.6%
14K558,Williamsburg High School for Architecture and Desi,98%,595,4.2%,69.0%,8.6%,2.4%,31.6%,60.0%,4.2%,92.2%,26.6%
14K561,Williamsburg Preparatory School,91%,682,3.2%,67.5%,4.7%,2.6%,16.4%,69.6%,10.0%,90.9%,15.0%
14K586,Lyons Community School,86%,520,12.8%,84.3%,15.7%,1.8%,39.8%,55.8%,2.4%,79.9%,21.4%
14K610,Automotive High School,79%,383,7.0%,70.6%,7.6%,1.6%,55.9%,38.1%,2.9%,80.5%,29.2%
14K614,Young Women's Leadership School of Brooklyn,90%,380,2.1%,68.0%,6.7%,3.3%,63.8%,28.3%,0.8%,92.2%,15.8%
14K632,Frances Perkins Academy,92%,142,5.6%,73.0%,13.4%,0.7%,62.7%,32.4%,2.1%,85.2%,28.9%
14K685,El Puente Academy for Peace and Justice,94%,245,15.5%,78.0%,6.9%,0.0%,11.8%,85.3%,1.2%,85.2%,24.5%
15K429,Brooklyn School for Global Studies,87%,250,7.8%,74.9%,5.4%,2.4%,54.8%,35.5%,6.6%,84.5%,25.9%
15K448,Brooklyn Secondary School for Collaborative Studie,88%,685,3.3%,63.5%,7.3%,5.8%,38.5%,45.3%,9.3%,84.6%,27.5%
15K462,Secondary School for Law,88%,351,2.0%,67.5%,8.8%,2.0%,66.4%,25.9%,3.4%,86.0%,14.0%
15K463,Secondary School for Journalism,83%,285,12.6%,69.4%,9.1%,7.4%,46.7%,37.5%,6.3%,80.2%,20.7%
15K464,Park Slope Collegiate,81%,423,10.5%,65.2%,6.9%,7.9%,46.4%,36.5%,3.6%,89.1%,19.1%
15K497,School for International Studies,65%,466,9.3%,71.0%,8.2%,4.2%,47.9%,36.3%,9.9%,86.7%,13.5%
15K519,Cobble Hill School of American Studies,87%,596,9.1%,69.3%,9.2%,4.5%,63.8%,25.0%,4.4%,82.8%,21.3%
15K592,Khalil Gibran International Academy,86%,174,32.8%,64.9%,16.1%,15.5%,48.3%,6.3%,27.6%,89.8%,17.8%
15K656,Brooklyn High School of the Arts,78%,870,1.3%,58.9%,5.4%,1.7%,70.3%,22.5%,2.0%,91.1%,11.6%
15K667,Sunset Park High School,85%,1333,16.4%,74.8%,6.6%,7.3%,8.5%,77.3%,6.8%,85.5%,22.0%
15K684,Millennium Brooklyn HS,90%,566,0.5%,39.3%,2.7%,9.5%,26.0%,27.2%,31.1%,93.9%,11.0%
16K393,Frederick Douglass Academy IV Secondary School,89%,92,1.1%,74.4%,14.1%,1.1%,82.6%,14.1%,1.1%,78.9%,34.8%
16K455,Boys and Girls High School,80%,648,4.9%,76.3%,16.5%,0.9%,87.2%,8.6%,1.7%,78.4%,25.9%
16K498,Brooklyn High School for Law and Technology,76%,596,2.7%,73.0%,7.6%,2.5%,71.1%,23.8%,1.2%,90.2%,17.1%
16K594,Gotham Professional Arts Academy,89%,226,1.8%,76.8%,19.9%,0.9%,81.9%,14.6%,1.3%,77.7%,23.5%
16K688,The Brooklyn Academy of Global Finance,87%,152,11.2%,79.5%,18.4%,5.9%,71.7%,20.4%,2.0%,80.5%,30.3%
16K765,Nelson Mandela High School,81%,124,1.6%,81.1%,12.1%,0.0%,86.3%,10.5%,2.4%,85.5%,21.0%
17K122,Pathways in Technology Early College High School (,86%,438,2.1%,59.0%,5.3%,3.0%,85.6%,9.1%,0.7%,92.2%,15.5%
17K382,Academy for College Preparation and Career Explora,65%,505,6.4%,68.4%,9.0%,1.7%,84.6%,12.3%,0.8%,82.6%,19.6%
17K408,Academy of Hospitality and Tourism,73%,285,15.8%,64.9%,14.7%,3.5%,84.6%,10.2%,1.1%,82.5%,23.2%
17K524,International High School at Prospect Heights,85%,414,87.4%,70.4%,18.4%,18.4%,29.0%,38.9%,13.3%,87.1%,7.2%
17K528,The High School for Global Citizenship,85%,246,14.6%,64.2%,11.8%,1.6%,82.1%,13.0%,2.8%,87.4%,15.4%
17K531,"School for Human Rights, The",86%,424,5.2%,68.7%,6.5%,1.4%,90.7%,6.5%,1.0%,91.3%,17.5%
17K533,School for Democracy and  Leadership,81%,319,5.4%,65.3%,14.0%,0.8%,87.6%,7.4%,2.3%,79.9%,23.6%
17K537,High School for Youth and Community Development at,79%,384,7.3%,65.9%,9.9%,2.3%,85.4%,8.9%,2.1%,88.6%,23.4%
17K539,High School for Service & Learning at Erasmus,76%,445,8.5%,64.0%,8.3%,2.7%,82.5%,10.6%,2.0%,86.5%,19.3%
17K543,"Science, Technology and Research Early College Hig",88%,516,0.0%,53.6%,2.8%,4.0%,87.1%,6.4%,0.9%,95.5%,4.0%
17K544,International Arts Business School,,12,0.0%,48.2%,0.0%,8.3%,75.0%,16.7%,0.0%,93.7%,8.3%
17K546,High School for Public Service: Heroes  of Tomorro,89%,454,1.5%,61.5%,4.6%,5.3%,75.8%,17.4%,1.1%,92.4%,10.1%
17K547,Brooklyn Academy of Science and the Environment,75%,453,7.1%,67.2%,12.1%,5.3%,80.1%,12.6%,1.3%,91.0%,16.1%
17K548,Brooklyn School for Music & Theatre,65%,386,0.8%,70.8%,12.7%,0.8%,82.6%,15.8%,0.8%,88.7%,16.1%
17K590,Medgar Evers College Preparatory School,84%,1271,0.6%,46.4%,2.8%,2.9%,90.9%,3.3%,0.6%,94.4%,4.2%
17K600,Clara Barton High School,59%,1499,9.5%,62.6%,8.1%,1.8%,89.5%,5.7%,0.9%,88.0%,16.8%
17K745,Brooklyn Institute for Liberal Arts,87%,253,6.7%,64.5%,14.6%,1.6%,94.1%,3.2%,0.4%,93.8%,19.4%
17K751,Academy for Health Careers,77%,373,2.7%,70.6%,13.1%,1.6%,85.5%,8.8%,0.8%,84.4%,13.9%
18K563,It Takes a Village Academy,73%,566,19.6%,58.0%,8.1%,0.5%,90.3%,5.7%,1.1%,91.8%,12.9%
18K566,Brooklyn Generation School,81%,286,8.0%,60.7%,8.7%,1.7%,85.0%,8.7%,1.4%,91.5%,24.5%
18K567,Brooklyn Theatre Arts High School,80%,395,3.8%,72.5%,11.6%,0.5%,82.0%,13.2%,1.8%,84.7%,18.2%
18K569,Kurt Hahn Expeditionary Learning School,82%,341,3.8%,58.6%,12.6%,1.2%,91.2%,6.7%,0.3%,90.9%,20.5%
18K576,Victory Collegiate High School,94%,331,1.8%,60.8%,9.7%,0.9%,88.8%,6.3%,1.2%,90.9%,19.9%
18K589,Arts & Media Preparatory Academy,86%,279,3.9%,75.1%,12.5%,1.1%,82.8%,12.5%,1.4%,84.3%,19.4%
18K617,High School for Innovation in Advertising and Medi,86%,303,5.9%,60.4%,9.2%,1.3%,85.8%,9.6%,2.6%,86.8%,19.8%
18K629,Cultural Academy for the Arts and Sciences,74%,353,5.9%,58.6%,8.8%,0.6%,90.4%,8.5%,0.6%,83.6%,22.1%
18K633,High School for Medical Professions,84%,432,2.3%,63.4%,5.8%,2.8%,81.9%,13.2%,0.2%,91.8%,14.1%
18K637,Academy for Conservation and the Environment,74%,308,7.1%,64.7%,14.3%,1.6%,86.0%,9.7%,1.3%,84.6%,23.1%
18K642,Urban Action Academy,83%,309,10.7%,60.1%,9.1%,2.9%,79.0%,12.3%,4.2%,83.6%,20.1%
19K404,Academy for Young Writers,83%,547,1.0%,70.5%,7.2%,1.5%,73.1%,21.9%,1.2%,89.0%,16.4%
19K409,East New York Family Academy,88%,479,2.5%,71.6%,5.8%,2.2%,67.6%,29.5%,0.4%,88.0%,14.4%
19K502,FDNY High School for Fire and Life Safety,82%,324,4.6%,77.2%,11.7%,1.2%,71.6%,24.4%,1.9%,80.6%,25.9%
19K504,High School for Civil Rights,90%,319,7.8%,74.1%,16.6%,0.3%,74.0%,22.9%,1.9%,75.4%,28.5%
19K507,Performing Arts and Technology High School,75%,406,2.5%,76.3%,11.3%,0.2%,80.8%,18.2%,0.5%,81.2%,20.7%
19K510,World Academy for Total Community Health High Scho,76%,284,11.3%,71.0%,11.3%,2.5%,75.7%,19.0%,1.4%,81.2%,23.6%
19K583,Multicultural High School,76%,229,90.0%,72.8%,12.7%,0.0%,0.0%,99.6%,0.4%,84.8%,2.2%
19K615,Transit Tech Career and Technical Education High S,69%,1093,4.8%,72.4%,7.8%,6.1%,63.6%,27.2%,1.3%,85.6%,23.6%
19K618,Academy of Innovative Technology,86%,413,9.9%,68.9%,8.5%,5.3%,45.5%,45.5%,1.2%,82.3%,24.2%
19K639,Brooklyn Lab School,83%,334,17.7%,80.7%,13.5%,5.4%,35.6%,56.9%,0.9%,73.6%,23.4%
19K659,Cypress Hills Collegiate Preparatory School,84%,330,20.9%,77.2%,10.6%,4.5%,19.7%,71.2%,3.3%,78.3%,18.8%
19K660,W. H. Maxwell Career and Technical Education High,83%,506,5.9%,81.8%,13.2%,1.0%,69.6%,28.1%,0.6%,73.4%,30.0%
19K683,"The School for Classics: An Academy of Thinkers, W",81%,308,13.6%,76.4%,9.4%,7.8%,60.7%,26.0%,4.2%,83.9%,21.8%
19K764,The Urban Assembly School for Collaborative Health,62%,62,9.7%,66.2%,9.7%,11.3%,40.3%,32.3%,4.8%,88.8%,9.7%
20K445,New Utrecht High School,81%,3480,20.1%,67.1%,10.3%,38.6%,4.0%,29.0%,27.6%,88.3%,16.6%
20K485,High School of  Telecommunication Arts and Technol,95%,1329,6.5%,63.6%,2.6%,18.0%,7.7%,56.7%,16.3%,93.3%,22.1%
20K490,Fort Hamilton High School,81%,4372,18.3%,62.8%,8.7%,30.1%,4.5%,29.2%,34.1%,93.3%,14.6%
20K505,Franklin Delano Roosevelt High School,85%,3220,34.4%,71.6%,16.1%,40.1%,11.5%,29.3%,18.6%,85.0%,13.7%
20K609,Urban Assembly School for Criminal Justice,89%,496,10.2%,71.0%,4.8%,46.5%,17.5%,20.4%,15.0%,90.8%,13.7%
21K337,International High School at Lafayette,79%,358,81.0%,68.2%,18.4%,41.1%,8.7%,24.0%,25.7%,90.8%,2.5%
21K344,Rachel Carson High School for Coastal Studies,86%,560,10.5%,60.1%,3.9%,10.2%,22.5%,22.3%,43.6%,86.1%,18.9%
21K348,High School of Sports Management,80%,290,4.1%,70.3%,10.3%,3.8%,72.4%,16.9%,5.5%,80.9%,19.0%
21K410,Abraham Lincoln High School,75%,2341,13.4%,65.8%,6.4%,15.1%,39.8%,23.7%,20.1%,82.8%,15.4%
21K468,Kingsborough Early College School,76%,564,0.9%,56.4%,2.9%,6.6%,25.7%,24.3%,42.5%,91.3%,14.5%
21K525,Edward R. Murrow High School,85%,3968,7.2%,53.5%,3.3%,26.6%,22.6%,21.7%,26.7%,91.5%,16.9%
21K540,John Dewey High School,73%,2006,22.6%,67.3%,14.1%,35.8%,28.6%,20.7%,13.7%,85.5%,12.6%
21K559,Life Academy High School for Film and Music,85%,271,2.2%,67.5%,7.0%,7.4%,51.7%,26.6%,13.7%,88.4%,23.2%
21K572,Expeditionary Learning School for Community Leader,90%,271,17.3%,63.5%,10.0%,15.5%,17.3%,42.1%,23.2%,87.7%,16.6%
21K620,William E. Grady Career and Technical Education Hi,76%,613,5.5%,66.6%,8.0%,5.4%,68.7%,18.1%,6.4%,82.3%,28.9%
21K690,Brooklyn Studio Secondary School,85%,901,10.0%,60.8%,3.7%,16.2%,5.1%,25.0%,53.3%,89.6%,18.9%
22K405,Midwood High School,86%,3787,3.3%,51.7%,3.9%,33.7%,29.8%,12.5%,23.3%,93.9%,6.7%
22K425,James Madison High School,74%,3088,10.4%,51.5%,4.9%,21.2%,17.4%,16.7%,44.3%,92.2%,13.6%
22K495,Sheepshead Bay High School,80%,562,24.0%,62.9%,9.3%,14.8%,52.3%,19.2%,13.3%,77.4%,16.9%
22K535,Leon M. Goldstein High School for the Sciences,94%,1081,0.6%,36.2%,2.3%,18.7%,10.2%,10.6%,59.1%,96.1%,12.9%
22K555,Brooklyn College Academy,95%,605,0.2%,45.9%,2.8%,7.9%,72.2%,9.1%,4.6%,95.9%,6.0%
22K611,Origins High School,83%,213,16.9%,68.7%,9.9%,12.7%,42.3%,21.6%,22.5%,88.8%,13.6%
23K493,Brooklyn Collegiate: A College Board School,84%,353,2.5%,69.8%,10.8%,1.4%,87.5%,9.6%,0.3%,79.1%,23.8%
23K514,Frederick Douglass Academy VII High School,80%,319,2.2%,71.0%,15.4%,0.0%,88.1%,11.3%,0.3%,78.1%,27.6%
23K644,Eagle Academy for Young Men II,86%,576,1.9%,68.5%,6.7%,0.0%,85.3%,11.9%,1.9%,90.9%,21.5%
23K697,Teachers Preparatory High School,74%,390,3.1%,71.2%,8.8%,0.3%,83.0%,15.7%,0.6%,81.5%,22.6%
24Q236,International High School for Health Sciences,82%,159,86.8%,61.9%,34.6%,21.4%,5.7%,63.5%,8.8%,92.7%,0.6%
24Q264,Academy of Finance and  Enterprise,91%,478,4.6%,50.9%,2.5%,22.0%,7.1%,51.9%,15.3%,92.8%,10.9%
24Q267,High School of Applied Communication,91%,421,6.2%,55.7%,4.0%,15.9%,12.6%,54.4%,13.5%,88.2%,13.8%
24Q293,Civic Leadership Academy,96%,479,4.6%,64.0%,3.5%,9.8%,7.9%,71.8%,5.6%,90.2%,15.7%
24Q296,Pan American International High School,85%,378,78.6%,58.9%,16.1%,0.3%,0.0%,99.7%,0.0%,89.7%,3.7%
24Q299,Bard High School Early College Queens,99%,623,0.0%,30.7%,1.1%,34.2%,11.4%,17.0%,34.5%,97.4%,1.1%
24Q455,Newtown High School,85%,1921,28.0%,57.1%,5.5%,24.0%,8.3%,61.4%,4.3%,86.6%,11.8%
24Q485,Grover Cleveland High School,78%,1828,21.2%,61.2%,8.0%,9.7%,4.5%,65.7%,18.9%,82.2%,16.8%
24Q520,Middle College High School at LaGuardia Community,93%,514,0.0%,59.2%,2.3%,8.4%,4.7%,79.6%,7.0%,92.8%,15.4%
24Q530,International High School at LaGuardia Community C,97%,509,63.1%,61.9%,15.5%,39.3%,2.6%,45.0%,13.0%,91.6%,1.6%
24Q550,High School for Arts and Business,96%,870,7.6%,63.2%,5.1%,10.2%,7.8%,77.2%,4.1%,90.4%,15.1%
24Q560,"Robert F. Wagner, Jr. Secondary School for Arts an",94%,610,6.0%,51.3%,1.7%,19.2%,4.9%,64.3%,10.9%,90.8%,13.4%
24Q585,Maspeth High School,89%,973,2.0%,41.0%,1.4%,17.5%,2.0%,44.6%,35.8%,92.4%,11.5%
24Q600,Queens Vocational and Technical High School,83%,1553,3.8%,59.6%,3.7%,12.1%,5.8%,74.6%,7.3%,90.7%,13.9%
24Q610,Aviation Career & Technical Education High School,90%,2168,2.6%,53.9%,3.0%,30.9%,6.3%,49.0%,11.0%,95.1%,9.1%
25Q240,Veritas Academy,81%,275,13.5%,49.3%,4.0%,20.0%,13.8%,52.4%,12.7%,90.7%,18.5%
25Q241,Queens High School for Language Studies,94%,205,37.6%,57.5%,9.8%,61.0%,10.2%,23.9%,2.4%,93.8%,4.9%
25Q252,"Queens School of Inquiry, The",89%,557,1.3%,44.3%,1.0%,36.2%,19.5%,21.8%,19.2%,94.2%,11.4%
25Q263,Flushing International High School,89%,437,81.7%,55.9%,8.9%,55.6%,2.5%,38.4%,2.5%,92.1%,2.3%
25Q281,East-West School of International Studies,91%,666,10.1%,53.8%,4.5%,60.7%,14.9%,18.3%,5.3%,91.3%,11.4%
25Q285,World Journalism Preparatory: A College Board Scho,88%,610,0.3%,29.3%,2.9%,15.8%,9.1%,22.7%,50.3%,92.3%,20.3%
25Q425,John Bowne High School,74%,3667,20.2%,57.3%,5.2%,29.4%,18.4%,46.0%,4.5%,82.4%,13.0%
25Q460,Flushing High School,71%,2186,20.7%,55.4%,5.9%,20.3%,23.7%,51.1%,3.7%,83.0%,13.9%
25Q525,Townsend Harris High School,97%,1132,0.0%,27.4%,1.1%,58.6%,6.3%,11.6%,21.9%,97.6%,1.4%
25Q670,Robert F. Kennedy Community High School,83%,701,10.3%,57.5%,4.1%,31.2%,13.0%,35.5%,18.3%,92.1%,19.0%
26Q315,Business Technology Early College High School,89%,112,0.9%,49.1%,6.3%,22.3%,32.1%,28.6%,8.0%,93.7%,15.2%
26Q415,Benjamin N. Cardozo High School,77%,3505,4.7%,35.5%,3.0%,44.1%,20.3%,19.4%,14.9%,93.3%,10.8%
26Q430,Francis Lewis High School,90%,4172,11.3%,41.4%,3.9%,53.9%,7.4%,23.1%,14.9%,93.3%,13.2%
26Q435,Martin Van Buren High School,67%,1742,10.9%,49.1%,5.9%,27.0%,52.7%,13.0%,3.6%,84.4%,11.8%
26Q495,Bayside High School,81%,3336,4.9%,37.6%,3.4%,40.3%,13.0%,27.9%,18.1%,93.1%,14.1%
26Q566,"Queens High School of Teaching, Liberal Arts and t",81%,1120,1.9%,32.1%,2.2%,24.8%,48.1%,17.5%,8.4%,92.0%,19.9%
27Q260,Frederick Douglass Academy VI High School,80%,409,8.6%,70.5%,8.6%,1.5%,59.7%,37.9%,0.7%,82.5%,21.3%
27Q262,Channel View School for Research,91%,683,1.9%,55.1%,5.8%,6.0%,53.2%,29.1%,10.7%,90.4%,14.0%
27Q302,"Queens High School for Information, Research, and",76%,381,18.6%,61.1%,6.8%,4.2%,49.1%,43.6%,2.1%,86.0%,17.8%
27Q308,Robert H. Goddard High School of Communication Art,92%,602,2.8%,49.6%,4.0%,29.4%,7.3%,41.7%,17.6%,92.1%,15.1%
27Q309,Academy of Medical Technology: A College Board Sch,83%,637,8.5%,66.7%,5.4%,6.6%,50.1%,37.7%,2.7%,83.7%,16.8%
27Q314,Epic High School - South,87%,87,3.4%,55.4%,9.2%,26.4%,32.2%,26.4%,6.9%,88.4%,8.0%
27Q323,Scholars' Academy,96%,1302,0.0%,40.3%,11.2%,21.4%,22.7%,19.6%,34.7%,95.3%,1.2%
27Q324,Rockaway Park High School for Environmental Sustai,78%,368,5.2%,68.2%,8.4%,3.5%,46.7%,30.2%,14.7%,78.2%,19.8%
27Q334,Epic High School - North,94%,93,5.4%,55.6%,4.3%,19.4%,21.5%,37.6%,5.4%,92.4%,6.5%
27Q351,Rockaway Collegiate High School,66%,397,5.5%,68.8%,7.8%,5.0%,52.6%,33.5%,3.8%,80.8%,21.4%
27Q400,August Martin High School,73%,679,6.8%,58.1%,11.3%,7.5%,75.4%,13.0%,1.5%,78.9%,21.4%
27Q475,Richmond Hill High School,76%,2175,21.3%,59.6%,6.1%,31.4%,13.6%,48.2%,5.4%,85.3%,16.0%
27Q480,John Adams High School,71%,2634,19.4%,59.1%,12.9%,31.0%,23.9%,37.9%,2.9%,82.5%,15.6%
27Q650,"High School for Construction Trades, Engineering a",91%,959,0.4%,46.1%,1.4%,35.5%,10.7%,35.6%,12.3%,94.3%,11.2%
28Q157,J.H.S. 157 Stephen A. Halsey,78%,1529,21.9%,40.8%,8.2%,9.6%,28.8%,28.8%,31.5%,86.9%,41.1%
28Q167,Metropolitan Expeditionary Learning School,90%,722,1.4%,39.7%,3.1%,14.0%,16.5%,37.3%,27.4%,94.6%,18.5%
28Q284,York Early College Academy,91%,611,0.0%,42.8%,2.1%,28.7%,58.0%,10.3%,1.2%,96.2%,7.9%
28Q310,Queens Collegiate: A College Board School,83%,661,9.1%,54.9%,5.5%,24.8%,53.4%,16.1%,4.1%,86.3%,12.3%
28Q325,Hillside Arts & Letters Academy,89%,464,10.8%,59.8%,7.1%,27.8%,37.7%,24.4%,3.0%,86.3%,10.8%
28Q328,High School for Community Leadership,91%,418,15.6%,56.3%,8.4%,22.7%,42.3%,26.6%,4.5%,83.0%,15.1%
28Q350,Jamaica Gateway to the Sciences,86%,516,9.3%,47.8%,6.0%,40.7%,42.6%,10.9%,2.3%,90.7%,9.9%
28Q440,Forest Hills High School,85%,3840,5.7%,45.2%,3.2%,24.6%,9.6%,33.8%,30.0%,91.1%,12.8%
28Q505,Hillcrest High School,100%,3286,13.7%,52.8%,6.6%,34.5%,30.3%,28.8%,3.8%,90.0%,10.3%
28Q620,Thomas A. Edison Career and Technical Education Hi,81%,2098,0.9%,44.7%,1.8%,49.0%,20.9%,22.4%,4.2%,93.8%,11.2%
28Q680,Queens Gateway to Health Sciences Secondary School,88%,779,0.2%,41.0%,1.6%,43.3%,38.2%,14.2%,2.9%,95.5%,6.8%
28Q686,QUEENS METROPOLITAN HIGH SCHOOL,93%,1035,3.2%,41.0%,2.4%,11.0%,4.2%,46.9%,35.7%,91.1%,15.5%
28Q687,Queens High School for the Sciences at York Colleg,100%,426,0.0%,31.1%,1.9%,75.4%,7.0%,10.6%,6.1%,96.9%,0.0%
28Q690,High School for Law Enforcement and Public Safety,74%,604,2.2%,55.6%,5.1%,10.4%,66.4%,18.9%,1.8%,92.7%,18.9%
28Q896,"Young Women's Leadership School, Queens",84%,557,1.9%,49.6%,3.1%,26.9%,47.5%,19.7%,1.9%,91.1%,16.3%
29Q243,Institute for Health Professions at Cambria Height,87%,199,5.5%,45.7%,9.5%,9.0%,73.9%,12.6%,1.0%,91.0%,11.6%
29Q248,Queens Preparatory Academy,72%,492,3.7%,47.0%,8.1%,4.3%,80.7%,9.1%,1.0%,86.6%,13.8%
29Q259,Pathways College Preparatory School: A College Boa,80%,599,3.9%,39.6%,4.1%,2.8%,89.7%,5.7%,1.3%,90.5%,15.8%
29Q265,Excelsior Preparatory High School,76%,491,5.9%,49.8%,6.5%,3.7%,82.7%,9.2%,1.2%,89.7%,15.7%
29Q272,George Washington Carver High School for the Scien,79%,509,2.0%,48.2%,6.7%,9.4%,75.6%,11.4%,1.8%,90.1%,13.4%
29Q283,Preparatory Academy for Writers: A College Board S,87%,552,0.8%,46.4%,4.5%,4.2%,81.0%,8.4%,2.4%,89.1%,15.6%
29Q313,Benjamin Franklin High School for Finance & Inform,66%,113,9.7%,53.9%,6.2%,12.4%,70.8%,12.4%,1.8%,91.9%,15.0%
29Q326,Cambria Heights Academy,76%,372,3.5%,44.2%,5.1%,6.7%,79.0%,9.1%,2.2%,86.8%,20.4%
29Q327,Eagle Academy for Young Men III,74%,428,0.0%,41.9%,2.4%,0.6%,86.3%,5.4%,1.8%,89.7%,19.0%
29Q492,"Mathematics, Science Research and Technology Magne",77%,433,6.5%,50.1%,6.9%,9.9%,72.3%,11.8%,1.6%,89.2%,12.0%
29Q494,"Law, Government and Community Service High School",77%,132,3.0%,49.8%,6.8%,5.3%,81.1%,12.9%,0.8%,84.3%,19.7%
29Q496,"Business, Computer Applications & Entrepreneurship",76%,94,10.6%,55.4%,17.0%,5.3%,77.7%,11.7%,2.1%,86.7%,18.1%
29Q498,Humanities & Arts Magnet High School,74%,525,3.4%,50.4%,7.0%,5.5%,81.0%,11.8%,1.1%,87.7%,16.4%
30Q258,Energy Tech High School,93%,227,4.8%,50.1%,5.3%,23.3%,11.5%,42.7%,15.9%,94.8%,16.3%
30Q286,"Young Women's Leadership School, Astoria",97%,572,3.4%,56.1%,2.5%,37.7%,4.7%,38.0%,19.6%,94.3%,8.4%
30Q301,Academy for Careers in Television and Film,93%,515,2.3%,44.4%,1.6%,5.8%,15.9%,54.2%,20.8%,94.1%,18.3%
30Q445,William Cullen Bryant High School,76%,2496,14.9%,55.8%,4.8%,28.4%,5.6%,48.7%,16.1%,88.0%,13.2%
30Q450,Long Island City High School,83%,2123,11.9%,62.7%,5.2%,15.7%,13.5%,60.2%,9.0%,80.2%,17.6%
30Q501,Frank Sinatra School of the Arts High School,98%,808,0.4%,29.4%,1.2%,10.5%,13.6%,33.4%,38.7%,94.9%,7.3%
30Q502,Information Technology High School,81%,970,8.7%,59.3%,7.2%,18.2%,14.9%,56.3%,9.4%,89.9%,18.0%
30Q555,Newcomers High School,88%,993,76.8%,60.1%,25.4%,36.7%,2.4%,54.6%,6.2%,90.8%,1.0%
30Q575,Academy of American Studies,93%,874,3.1%,44.2%,1.3%,29.3%,7.3%,34.3%,28.3%,94.1%,8.9%
30Q580,Baccalaureate School for Global Education,97%,478,0.0%,27.6%,0.3%,39.6%,2.5%,21.2%,34.5%,96.6%,0.9%
31R047,CSI High School for International Studies,95%,520,0.4%,27.6%,1.0%,11.2%,8.8%,19.8%,55.6%,94.8%,16.7%
31R064,Gaynor McCown Expeditionary Learning School,90%,479,0.2%,31.8%,1.7%,3.3%,13.8%,19.0%,61.6%,91.1%,23.4%
31R080,The Michael J. Petrides School,86%,1327,1.1%,36.6%,0.4%,6.9%,22.3%,20.2%,49.8%,90.2%,21.4%
31R440,New Dorp High School,83%,2791,4.2%,45.8%,7.3%,7.5%,12.1%,27.8%,51.8%,89.0%,19.9%
31R445,Port Richmond High School,81%,1628,5.7%,59.4%,6.3%,7.0%,27.9%,42.8%,21.7%,87.5%,26.6%
31R450,Curtis High School,74%,2499,6.1%,61.6%,10.8%,7.1%,38.4%,36.0%,17.7%,86.4%,19.0%
31R455,Tottenville High School,80%,3982,0.9%,24.8%,3.1%,5.1%,1.8%,11.8%,79.9%,91.2%,16.3%
31R460,Susan E. Wagner High School,80%,3363,2.0%,39.7%,4.1%,13.4%,10.9%,27.0%,47.7%,90.9%,20.2%
31R600,Ralph R. McKee Career and Technical Education High,84%,624,2.4%,60.4%,6.7%,4.8%,30.8%,42.5%,19.7%,87.3%,26.4%
31R605,Staten Island Technical High School,99%,1247,0.0%,25.0%,2.9%,41.1%,1.0%,5.2%,52.2%,96.5%,1.3%
32K168,The Brooklyn School for Math and Research,80%,247,10.1%,70.9%,10.5%,2.4%,53.8%,38.1%,4.5%,87.5%,17.8%
32K403,Academy for Environmental Leadership,80%,340,32.4%,78.6%,12.6%,1.8%,19.4%,77.1%,1.5%,81.5%,25.6%
32K545,EBC High School for Public Service - Bushwick,86%,514,20.0%,80.7%,7.8%,0.4%,8.0%,90.7%,0.2%,84.7%,20.0%
32K549,Bushwick School for Social Justice,83%,405,21.5%,76.8%,13.1%,0.5%,20.5%,76.0%,2.5%,79.9%,19.5%
32K552,Academy of Urban Planning,79%,279,29.0%,80.8%,15.4%,0.7%,23.3%,73.8%,0.7%,82.1%,28.7%
32K554,All City Leadership Secondary School,99%,358,3.4%,66.7%,1.7%,6.2%,14.6%,77.0%,1.7%,93.9%,10.7%
32K556,Bushwick Leaders High School for Academic Excellen,87%,317,19.6%,82.2%,17.7%,0.9%,16.7%,81.4%,0.3%,82.4%,24.0%
84K355,Williamsburg Collegiate Charter School,93%,521,2.0%,71.3%,1.5%,0.5%,44.2%,53.3%,2.0%,95.0%,4.6%
84K356,Achievement First Crown Heights Charter School,82%,979,0.0%,57.0%,1.8%,0.0%,92.7%,7.3%,0.0%,98.0%,18.9%
84K357,KIPP AMP Charter School,83%,841,0.0%,71.9%,3.2%,0.0%,56.1%,42.1%,0.4%,94.4%,8.6%
84K358,Achievement First East New York Charter School,92%,835,1.3%,69.3%,4.0%,0.0%,82.7%,13.3%,0.0%,97.3%,12.0%
84K359,The Uft Charter School,77%,957,0.7%,75.3%,8.1%,1.4%,79.6%,18.2%,0.0%,88.0%,7.7%
84K473,Williamsburg Charter High School,86%,968,5.5%,73.5%,7.2%,0.3%,31.5%,65.7%,1.4%,89.3%,15.7%
84K508,Achievement First Endeavor Charter School,88%,974,0.0%,69.2%,2.5%,0.0%,89.9%,10.1%,0.0%,97.7%,12.7%
84K538,Achievement First Bushwick Charter School,100%,1027,2.1%,71.8%,2.1%,1.0%,64.2%,34.2%,0.0%,97.5%,10.4%
84K593,Excellence Boys Charter School,84%,724,0.0%,65.2%,0.0%,0.0%,97.2%,0.0%,0.0%,93.9%,16.7%
84K608,Kings Collegiate Charter School,96%,485,0.0%,47.7%,1.7%,0.0%,99.4%,0.0%,0.0%,96.5%,9.2%
84K648,Bedford Stuyvesant Collegiate -Uncommon Collegiate,90%,404,0.0%,69.0%,3.9%,0.0%,93.1%,6.9%,0.0%,96.2%,6.9%
84K693,Northside Charter High School,84%,380,6.6%,65.2%,3.7%,1.8%,26.8%,62.6%,6.3%,95.1%,17.6%
84K707,Brooklyn Prospect Charter School,90%,771,2.8%,35.4%,1.6%,4.1%,22.8%,38.9%,29.4%,94.8%,19.3%
84K710,Brownsville Collegiate Charter School,88%,402,0.0%,71.9%,0.0%,1.1%,87.5%,11.4%,0.0%,97.4%,6.8%
84K730,Summit Academy Charter School,90%,331,2.3%,75.3%,6.8%,0.0%,53.1%,38.4%,4.0%,88.5%,16.4%
84K733,"Math, Engineering, and Science Academy Charter Hig",95%,244,13.9%,78.1%,5.7%,1.2%,17.2%,74.6%,2.5%,96.0%,17.6%
84K738,New Visions Charter High School for Advanced Math,80%,247,4.5%,56.9%,5.3%,3.6%,80.6%,8.5%,1.6%,95.2%,13.4%
84K739,New Visions Charter High School for the Humanities,75%,243,2.1%,57.6%,8.2%,1.6%,82.3%,9.1%,1.2%,91.9%,18.5%
84K744,Coney Island Preparatory Public Charter School,84%,656,1.7%,70.7%,5.2%,10.4%,40.5%,36.4%,8.7%,96.1%,13.9%
84K777,Ocean Hill Collegiate Charter School,90%,310,0.0%,68.2%,5.1%,0.0%,97.4%,2.6%,0.0%,96.8%,2.6%
84K780,Brooklyn East Collegiate Charter School,93%,339,0.0%,62.7%,5.1%,0.0%,87.2%,12.8%,0.0%,96.9%,0.0%
84M279,The Opportunity Charter School,82%,473,9.5%,75.8%,6.7%,0.8%,67.2%,30.8%,0.8%,88.9%,51.4%
84M284,Harlem Children's Zone Promise Academy 1 Charter S,92%,1035,2.3%,76.8%,6.1%,0.0%,87.8%,9.9%,0.5%,94.9%,11.3%
84M335,Harlem Village Academy Leadership Charter School,85%,800,0.0%,72.2%,4.4%,1.0%,74.4%,24.6%,0.0%,86.8%,11.8%
84M336,KIPP Infinity Charter School,96%,1082,2.7%,79.8%,2.7%,0.5%,28.3%,70.3%,0.9%,93.7%,18.7%
84M341,Harlem Children's Zone Promise Academy II Charter,90%,797,0.0%,75.7%,6.7%,0.0%,94.7%,4.0%,0.0%,93.7%,12.0%
84M350,Democracy Prep Charter School,93%,737,1.5%,71.4%,6.4%,1.0%,69.7%,26.0%,0.8%,96.3%,9.9%
84M353,New Heights Academy Charter School,90%,737,8.4%,83.8%,5.1%,0.0%,6.0%,94.0%,0.0%,93.3%,10.5%
84M433,Renaissance Charter High School for Innovation,86%,444,8.8%,82.5%,10.1%,1.4%,38.7%,57.9%,0.9%,82.6%,34.7%
84M481,Democracy Prep Harlem Charter School,87%,778,1.4%,74.6%,7.6%,0.0%,64.5%,33.2%,0.5%,94.6%,11.8%
84M709,Harlem Village Academy Charter School,92%,821,0.5%,70.8%,1.5%,0.0%,80.0%,20.0%,0.0%,92.6%,16.6%
84M726,KIPP STAR College Prep Charter School,86%,670,0.4%,74.6%,1.8%,0.9%,65.2%,30.8%,0.9%,95.3%,24.2%
84Q705,Renaissance Charter School,85%,567,4.2%,51.3%,10.3%,18.7%,14.0%,56.5%,10.7%,94.8%,17.3%
84R067,John W. Lavelle Preparatory Charter School,81%,443,1.3%,54.4%,2.6%,5.1%,43.6%,38.5%,11.5%,94.0%,38.5%
84X185,Bronx Lighthouse Charter School,86%,680,4.2%,74.8%,4.2%,0.5%,35.2%,63.8%,0.0%,95.7%,12.7%
84X202,New Visions Charter High School for Advanced Math,91%,382,11.3%,76.6%,6.8%,2.9%,45.3%,49.2%,0.5%,92.7%,15.7%
84X208,New Visions Charter High School for the Humanities,90%,354,11.6%,80.0%,6.8%,0.3%,36.2%,61.3%,0.6%,88.1%,23.4%
84X345,Hyde Leadership Charter School,87%,974,4.7%,77.9%,5.8%,0.4%,33.1%,65.8%,0.4%,94.4%,15.6%
84X347,International Leadership Charter High School,96%,304,8.2%,69.6%,3.0%,0.3%,20.4%,74.7%,1.3%,90.6%,8.6%
84X393,University Prep Charter High School,90%,376,12.0%,77.6%,7.4%,1.3%,29.3%,69.4%,0.0%,94.3%,17.8%
84X395,"NYC Charter High School for Architecture, Engineer",84%,432,16.7%,77.8%,6.5%,0.2%,36.8%,62.5%,0.2%,91.9%,18.3%
84X482,Dr. Richard Izquierdo Health and Science Charter S,88%,516,9.0%,83.2%,7.5%,0.0%,35.3%,64.7%,0.0%,92.5%,15.0%
84X488,The Equality Charter School,86%,358,2.3%,56.7%,5.7%,0.0%,76.1%,21.6%,0.0%,95.2%,27.3%
84X539,New Visions Charter High School for Advanced Math,72%,452,4.9%,71.8%,9.5%,2.4%,43.4%,48.5%,1.1%,90.1%,14.8%
84X553,New Visions Charter High School for the Humanities,72%,424,11.3%,74.7%,7.3%,0.9%,40.6%,55.9%,0.9%,88.5%,23.1%
84X703,Bronx Preparatory Charter School,90%,756,4.0%,75.8%,2.0%,1.0%,45.2%,52.2%,0.3%,92.2%,11.0%
84X704,KIPP Academy Charter School,87%,985,6.5%,76.2%,3.8%,0.5%,36.8%,62.7%,0.0%,96.2%,22.7%